Built,n,prop
3.0.0,1,0.0015337423312883436
3.4.0,380,0.5828220858895705
3.4.1,99,0.15184049079754602
3.4.2,122,0.18711656441717792
3.4.3,50,0.07668711656441718
